Projeto,Hash,Data,Autor,Mensagem
C3PO-Assistente-Virtual-BR,f324e67,2026-07-30,Pedro Victor Veras,up c3po
C3PO-Assistente-Virtual-BR,235aa29,2026-07-21,Pedro Victor Veras,up
C3PO-Assistente-Virtual-BR,dfc8ee9,2026-07-20,Pedro Victor Veras,up
C3PO-Assistente-Virtual-BR,8e5814c,2026-07-18,Pedro Victor Veras,Update .gitignore
C3PO-Assistente-Virtual-BR,cbeafa5,2026-07-18,Pedro Victor Veras,update de modelos e nova VOZ em ptbr
C3PO-Assistente-Virtual-BR,f5f1c74,2026-06-27,Pedro Victor Veras,update de projetos moderno como tools no pc linux
C3PO-Assistente-Virtual-BR,af84cbc,2026-06-25,Pedro Victor Veras,up
C3PO-Assistente-Virtual-BR,c06953b,2026-06-24,Pedro Victor Veras,agora ele fala com agy
C3PO-Assistente-Virtual-BR,683986c,2026-06-24,Pedro Victor Veras,up
C3PO-Assistente-Virtual-BR,79ed842,2025-05-22,Pedro Victor,up
Gohan-treinamentos-web-app,b97a312,2026-07-07,Pedro Victor Veras,Update questions_circuitos_digitais.js
Gohan-treinamentos-web-app,a548aee,2026-07-07,Pedro Victor Veras,Update questions_circuitos_digitais.js
Gohan-treinamentos-web-app,fa9c52e,2026-07-06,Pedro Victor Veras,up workout page
Gohan-treinamentos-web-app,99a0dea,2026-07-06,Pedro Victor Veras,p
Gohan-treinamentos-web-app,5509426,2026-07-06,Pedro Victor Veras,Update App.tsx
Gohan-treinamentos-web-app,7378d4e,2026-07-06,Pedro Victor Veras,up
Gohan-treinamentos-web-app,cc9a802,2026-07-06,Pedro Victor Veras,up
Gohan-treinamentos-web-app,3f1dbde,2026-07-06,Pedro Victor Veras,up
Gohan-treinamentos-web-app,b000ffb,2026-07-06,Pedro Victor Veras,up
Gohan-treinamentos-web-app,27959e9,2026-07-06,Pedro Victor Veras,up
Jedi-CyberPunk,f55f8d9fc,2026-07-30,Pedro Victor Veras,up
Jedi-CyberPunk,77f82b753,2026-07-30,Pedro Victor Veras,mudanca de arquivos
Jedi-CyberPunk,d3cb00832,2026-07-27,Pedro Victor Veras,inicio perdiodo uff 2026.2 jubilado
Jedi-CyberPunk,09a4135d5,2026-07-22,Pedro Victor,up
Jedi-CyberPunk,6cb33734a,2026-07-21,Pedro Victor,Create sync_astro_blog.sh
Jedi-CyberPunk,766a7425b,2026-07-21,Pedro Victor Veras,nova notas de estudos
Jedi-CyberPunk,59861c5ea,2026-07-20,Pedro Victor,up de arquivo .qmd da ultima semana
Jedi-CyberPunk,ec962db2c,2026-07-19,Pedro Victor Veras,up
Jedi-CyberPunk,48b422287,2026-07-19,Pedro Victor,up
Jedi-CyberPunk,6107e7c66,2026-07-18,Pedro Victor Veras,up
Pikachu-Flask-Server,a2b7f58,2026-07-31,Pedro Victor Veras,Update kanban.xlsx
Pikachu-Flask-Server,f9dabce,2026-07-30,Pedro Victor Veras,up
Pikachu-Flask-Server,1e4421a,2026-07-30,Pedro Victor Veras,up
Pikachu-Flask-Server,9177d72,2026-07-27,Pedro Victor Veras,pull de pc de cg e agora novos proejtos kanban
Pikachu-Flask-Server,c51d43d,2026-07-24,Pedro Victor,up
Pikachu-Flask-Server,24b3584,2026-07-24,Pedro Victor,up
Pikachu-Flask-Server,feb0ba9,2026-07-22,Pedro Victor,Create organizador_clientes_direcional.py
Pikachu-Flask-Server,799285a,2026-07-22,Pedro Victor,Update Ementas-UFF.md
Pikachu-Flask-Server,d1ab90e,2026-07-18,Pedro Victor Veras,up
Pikachu-Flask-Server,d2e3a79,2026-07-16,Pedro Victor Veras,Update historico-projetos.csv
Repopulation-With-Elite-Set,bd869c0e,2026-06-12,Pedro Victor Veras,Create checklist_kanban_2026.md
Repopulation-With-Elite-Set,0ad1376f,2026-06-03,Pedro Victor Veras,Update RCE_Framework_Page.py
Repopulation-With-Elite-Set,967f2e70,2026-06-03,Pedro Victor Veras,update stable version with bug fixes in timelines
Repopulation-With-Elite-Set,683e0f65,2026-05-29,Pedro Victor Veras,Delete streamlit_v2_launch.log
Repopulation-With-Elite-Set,9bd855ea,2026-05-28,Pedro Victor Veras,new version 2.1.3
Repopulation-With-Elite-Set,2678e287,2026-05-28,Pedro Victor Veras,Update options.json
Repopulation-With-Elite-Set,cafbcb61,2026-05-28,Pedro Victor Veras,up
Repopulation-With-Elite-Set,f5f96763,2026-05-27,Pedro Victor Veras,Update RCE_Framework_Page.py
Repopulation-With-Elite-Set,f4c8e2ec,2026-05-27,Pedro Victor Veras,up
Repopulation-With-Elite-Set,3753f985,2026-05-27,Pedro Victor Veras,up
astro-blog-pedrov12,2f549e619,2026-07-28,Pedro Victor Veras,UP
astro-blog-pedrov12,ea18ecf4e,2026-07-15,Pedro Victor Veras,up
astro-blog-pedrov12,6efd80372,2026-07-06,Pedro Victor Veras,up
astro-blog-pedrov12,440e4c4ea,2026-06-27,Pedro Victor Veras,up
astro-blog-pedrov12,fd0aa28a3,2026-06-25,Pedro Victor Veras,up
astro-blog-pedrov12,8e1c38ff9,2026-06-17,Pedro Victor Veras,up
astro-blog-pedrov12,ded29f7c3,2026-06-16,Pedro Victor Veras,update de novas postagens
astro-blog-pedrov12,e9892d418,2026-06-16,Pedro Victor Veras,Delete RESUMO_PROJETOS.md
astro-blog-pedrov12,6eabb2d86,2026-06-16,Pedro Victor Veras,Create RESUMO_PROJETOS.md
astro-blog-pedrov12,682877aa1,2026-06-02,Pedro Victor Veras,Update BaseLayout.astro
getx-for-qt6,1132492,2026-06-24,Pedro Victor Veras,up
getx-for-qt6,ec1895f,2026-06-24,Pedro Victor Veras,up
getx-for-qt6,7380da2,2026-06-24,Pedro Victor Veras,up
getx-for-qt6,c766673,2026-04-16,Pedro Victor Veras,Delete create_qt6_mvc_app.sh~
getx-for-qt6,0d78b1a,2026-03-17,Pedro Victor Veras,Create limpar_cache.sh
getx-for-qt6,505f03a,2026-03-17,Pedro Victor Veras,limpeza
getx-for-qt6,20328c4,2026-03-17,Pedro Victor Veras,up
getx-for-qt6,591c4f0,2026-03-17,Pedro Victor Veras,update
getx-for-qt6,bc9de25,2026-03-12,Pedro Victor Veras,novas notas
getx-for-qt6,627e5cb,2026-03-12,Pedro Victor Veras,up
